{
    "dynamicsBlock": {
        "VolumeType": 1,
        "FixedDensity": false,
        "FixedInterval": false,
        "InheritScale": false,
        "FollowEmitter": false,
        "FollowEmitterChild": false,
        "Unknown": "00000000",
        "EmitterScaleX": 1.0,
        "EmitterScaleY": 1.0,
        "EmitterScaleZ": 1.0,
        "EmitterTranslationX": 0.0,
        "EmitterTranslationY": 0.0,
        "EmitterTranslationZ": 0.0,
        "EmitterDirectionX": 0.0,
        "EmitterDirectionY": 32767.0,
        "EmitterDirectionZ": 0.0,
        "InitialVelocityOmni": 0.0,
        "InitialVelocityAxis": 1.0,
        "InitialVelocityRandom": 0.0,
        "InitialVelocityDirection": 12.0,
        "Spread": 0.0,
        "InitialVelocityRatio": 0.0,
        "Rate": 0.20000000298023224,
        "RateRandom": 0.0,
        "LifetimeRandom": 0.29999998211860657,
        "VolumeSweep": 1.0,
        "VolumeMinimumRadius": 0.25,
        "AirResistance": 1.0,
        "MomentRandom": 0.09999999403953552,
        "EmitterRotationXDeg": 0,
        "EmitterRotationYDeg": 0,
        "EmitterRotationZDeg": 0,
        "MaxFrame": 0,
        "StartFrame": 0,
        "Lifetime": 25,
        "VolumeSize": 1,
        "DivisionNumber": 5,
        "RateStep": 0,
        "BinaryDataDONOTEDIT": "00000100000000003f8000003f8000003f8000000000000000000000000000000000000046fffe0000000000000000003f800000000000004140000000000000000000003e4ccccd000000003e9999993f8000003e8000003f8000003dcccccc0000000000000000000000190001000500000000"
    },
    "fieldBlocks": [
        {
            "FieldType": 0,
            "VelocityType": 2,
            "NoInheritRotate": false,
            "AirDrag": false,
            "FadeUseEnterTime": false,
            "FadeUseDistanceTime": false,
            "FadeUseFadeIn": false,
            "FadeUseFadeOut": false,
            "PositionX": 0.0,
            "PositionY": 0.0,
            "PositionZ": 0.0,
            "DirectionX": 0.0,
            "DirectionY": -1.0,
            "DirectionZ": 0.0,
            "Param1": 10.0,
            "Param2": 0.0,
            "Param3": 0.0,
            "FadeIn": 0.0,
            "FadeOut": 1.0,
            "EnterTime": 0.0,
            "DistanceTime": 1.0,
            "Cycle": 63,
            "BinaryDataDONOTEDIT": "0000020000000000000000000000000000000000bf80000000000000412000000000000000000000000000003f800000000000003f8000003f000000"
        }
    ],
    "baseShape": {
        "ShapeType": 2,
        "DirectionType": 0,
        "RotationType": 0,
        "PlaneType": 0,
        "FlagsUnk11": false,
        "IsGlobalColorAnimation": false,
        "FlagsUnk13": false,
        "IsGlobalTextureAnimation": false,
        "ColorInSelect": 3,
        "AlphaInSelect": 0,
        "IsEnableProjection": false,
        "IsDrawForwardAhead": false,
        "IsDrawPrintAhead": false,
        "FlagsUnk23": false,
        "IsEnableTexScrollAnim": false,
        "DoubleTilingS": false,
        "DoubleTilingT": false,
        "IsNoDrawParent": false,
        "IsNoDrawChild": false,
        "BaseSizeX": 2.0,
        "BaseSizeY": 2.0,
        "BlendMode": 1,
        "SourceFactor": 6,
        "DestinationFactor": 7,
        "BlendModeFlagsUnk10": true,
        "BlendModeFlagsUnk14": false,
        "AlphaCompareType0": 7,
        "AlphaOperator": 0,
        "AlphaCompareType1": 7,
        "AlphaReference0": 0,
        "AlphaReference1": 0,
        "DepthTest": true,
        "DepthCompareType": 2,
        "DepthWrite": false,
        "ZModeFlagsUnk5": 1,
        "IsEnableTexAnim": false,
        "TexFlagsUnk1": true,
        "TexCalcIndexType": 0,
        "TextureIndex": 0,
        "ColorFlagsUnk0": false,
        "IsPrimaryColorAnimEnabled": false,
        "ColorFlagsUnk2": false,
        "IsEnvironmentColorAnimEnabled": false,
        "ColorCalcIndexType": 0,
        "ColorAnimationMaxFrame": 30,
        "PrimaryColor": "ffffffff",
        "EnvironmentColor": "ffffffff",
        "AnimationRandom": 0,
        "ColorLoopOffsetMask": 0,
        "TextureIndexLoopOffsetMask": 0,
        "BinaryDataDONOTEDIT": "0001800200000000400000004000000005d9e7000025020000000000001effffffffffffffff000000000000",
        "TextureIndexAnimData": [],
        "EnvironmentColorKeyframes": [],
        "PrimaryColorKeyframes": []
    },
    "extraShape": {
        "IsEnableScale": true,
        "IsDiffXY": false,
        "FlagsUnk2": false,
        "FlagsUnk3": false,
        "ScaleAnimTypeX": 0,
        "ScaleAnimTypeY": 0,
        "PivotX": 1,
        "PivotY": 1,
        "IsEnableAlpha": true,
        "IsEnableSinWave": false,
        "IsEnableRotate": true,
        "ScaleInTiming": 0.16769999265670776,
        "ScaleOutTiming": 0.16769999265670776,
        "ScaleInValueX": 0.5,
        "ScaleOutValueX": 1.0,
        "ScaleInValueY": 0.5,
        "ScaleOutValueY": 1.0,
        "ScaleOutRandom": 0.0,
        "ScaleAnimationXMaxFrame": 30,
        "ScaleAnimationYMaxFrame": 30,
        "AlphaInTiming": 0.0,
        "AlphaOutTiming": 0.2705000042915344,
        "AlphaInValue": 0.0,
        "AlphaBaseValue": 1.0,
        "AlphaOutValue": 0.0,
        "AlphaWaveFrequency": 0.0,
        "AlphaWaveRandom": 0.0,
        "AlphaWaveAmplitude": 0.0,
        "RotateAngle": 0.0,
        "RotateAngleRandom": 66536.0,
        "RotateSpeed": 121.2416000366211,
        "RotateSpeedRandom": 0.5,
        "RotateDirection": 0.0,
        "BinaryDataDONOTEDIT": "010150013e2bb98c3e2bb98c3f0000003f8000003f0000003f80000000000000001e001e000000003e8a7efa000000003f80000000000000000000000000000000000000000000004781f40042f27bb33f00000000000000"
    },
    "textures": [
        "mr_sand00_ia"
    ]
}