{
    "dynamicsBlock": {
        "VolumeType": 5,
        "FixedDensity": false,
        "FixedInterval": false,
        "InheritScale": false,
        "FollowEmitter": false,
        "FollowEmitterChild": false,
        "Unknown": "00000000",
        "EmitterScaleX": 1.0,
        "EmitterScaleY": 1.0,
        "EmitterScaleZ": 1.0,
        "EmitterTranslationX": 0.0,
        "EmitterTranslationY": 50.0,
        "EmitterTranslationZ": 0.0,
        "EmitterDirectionX": 0.0,
        "EmitterDirectionY": 32767.0,
        "EmitterDirectionZ": 0.0,
        "InitialVelocityOmni": 0.0,
        "InitialVelocityAxis": 8.0,
        "InitialVelocityRandom": 1.0,
        "InitialVelocityDirection": 10.0,
        "Spread": 0.0,
        "InitialVelocityRatio": 0.44999998807907104,
        "Rate": 0.4000000059604645,
        "RateRandom": 0.25,
        "LifetimeRandom": 0.3499999940395355,
        "VolumeSweep": 1.0,
        "VolumeMinimumRadius": 1.0,
        "AirResistance": 0.9678999781608582,
        "MomentRandom": 0.0,
        "EmitterRotationXDeg": 0,
        "EmitterRotationYDeg": 0,
        "EmitterRotationZDeg": 0,
        "MaxFrame": 0,
        "StartFrame": 0,
        "Lifetime": 30,
        "VolumeSize": 35,
        "DivisionNumber": 5,
        "RateStep": 0,
        "BinaryDataDONOTEDIT": "00000500000000003f8000003f8000003f8000000000000042480000000000000000000046fffe000000000000000000410000003f80000041200000000000003ee666663ecccccd3e8000003eb333333f8000003f8000003f77c84b0000000000000000000000000000001e0023000500000000"
    },
    "fieldBlocks": [
        {
            "FieldType": 0,
            "VelocityType": 2,
            "NoInheritRotate": false,
            "AirDrag": false,
            "FadeUseEnterTime": false,
            "FadeUseDistanceTime": false,
            "FadeUseFadeIn": false,
            "FadeUseFadeOut": false,
            "PositionX": 0.0,
            "PositionY": 0.0,
            "PositionZ": 0.0,
            "DirectionX": 0.0,
            "DirectionY": -1.0,
            "DirectionZ": 0.0,
            "Param1": 10.0,
            "Param2": 0.0,
            "Param3": 0.0,
            "FadeIn": 0.0,
            "FadeOut": 1.0,
            "EnterTime": 0.0,
            "DistanceTime": 1.0,
            "Cycle": 0,
            "BinaryDataDONOTEDIT": "0000020000000000000000000000000000000000bf80000000000000412000000000000000000000000000003f800000000000003f80000000000000"
        }
    ],
    "baseShape": {
        "ShapeType": 2,
        "DirectionType": 0,
        "RotationType": 0,
        "PlaneType": 0,
        "FlagsUnk11": false,
        "IsGlobalColorAnimation": false,
        "FlagsUnk13": false,
        "IsGlobalTextureAnimation": false,
        "ColorInSelect": 3,
        "AlphaInSelect": 0,
        "IsEnableProjection": false,
        "IsDrawForwardAhead": false,
        "IsDrawPrintAhead": false,
        "FlagsUnk23": false,
        "IsEnableTexScrollAnim": false,
        "DoubleTilingS": false,
        "DoubleTilingT": false,
        "IsNoDrawParent": false,
        "IsNoDrawChild": false,
        "BaseSizeX": 0.25,
        "BaseSizeY": 0.25,
        "BlendMode": 1,
        "SourceFactor": 6,
        "DestinationFactor": 7,
        "BlendModeFlagsUnk10": true,
        "BlendModeFlagsUnk14": false,
        "AlphaCompareType0": 7,
        "AlphaOperator": 0,
        "AlphaCompareType1": 7,
        "AlphaReference0": 0,
        "AlphaReference1": 0,
        "DepthTest": true,
        "DepthCompareType": 2,
        "DepthWrite": false,
        "ZModeFlagsUnk5": 1,
        "IsEnableTexAnim": false,
        "TexFlagsUnk1": true,
        "TexCalcIndexType": 1,
        "TextureIndex": 0,
        "ColorFlagsUnk0": false,
        "IsPrimaryColorAnimEnabled": false,
        "ColorFlagsUnk2": false,
        "IsEnvironmentColorAnimEnabled": false,
        "ColorCalcIndexType": 0,
        "ColorAnimationMaxFrame": 30,
        "PrimaryColor": "ffffffff",
        "EnvironmentColor": "dcebfaff",
        "AnimationRandom": 0,
        "ColorLoopOffsetMask": 0,
        "TextureIndexLoopOffsetMask": 0,
        "BinaryDataDONOTEDIT": "00018002000000003e8000003e80000005d9e7000025060000000000001effffffffdcebfaff000000000000",
        "TextureIndexAnimData": [],
        "EnvironmentColorKeyframes": [],
        "PrimaryColorKeyframes": []
    },
    "extraShape": {
        "IsEnableScale": true,
        "IsDiffXY": false,
        "FlagsUnk2": false,
        "FlagsUnk3": false,
        "ScaleAnimTypeX": 0,
        "ScaleAnimTypeY": 0,
        "PivotX": 1,
        "PivotY": 1,
        "IsEnableAlpha": false,
        "IsEnableSinWave": false,
        "IsEnableRotate": false,
        "ScaleInTiming": 0.0,
        "ScaleOutTiming": 0.7738999724388123,
        "ScaleInValueX": 1.0,
        "ScaleOutValueX": 0.09999999403953552,
        "ScaleInValueY": 1.0,
        "ScaleOutValueY": 0.09999999403953552,
        "ScaleOutRandom": 0.5,
        "ScaleAnimationXMaxFrame": 30,
        "ScaleAnimationYMaxFrame": 30,
        "AlphaInTiming": 0.25,
        "AlphaOutTiming": 0.75,
        "AlphaInValue": 0.0,
        "AlphaBaseValue": 1.0,
        "AlphaOutValue": 0.0,
        "AlphaWaveFrequency": 0.0,
        "AlphaWaveRandom": 0.0,
        "AlphaWaveAmplitude": 0.0,
        "RotateAngle": 0.0,
        "RotateAngleRandom": 0.0,
        "RotateSpeed": 0.0,
        "RotateSpeedRandom": 0.0,
        "RotateDirection": 0.0,
        "BinaryDataDONOTEDIT": "00005001000000003f461e4f3f8000003dcccccc3f8000003dcccccc3f000000001e001e3e8000003f400000000000003f800000000000000000000000000000000000000000000000000000000000000000000000000000"
    },
    "textures": [
        "mr_mizutama00_i"
    ]
}