{
    "dynamicsBlock": {
        "VolumeType": 1,
        "FixedDensity": false,
        "FixedInterval": false,
        "InheritScale": false,
        "FollowEmitter": false,
        "FollowEmitterChild": false,
        "Unknown": "00000000",
        "EmitterScaleX": 1.0,
        "EmitterScaleY": 1.0,
        "EmitterScaleZ": 1.0,
        "EmitterTranslationX": 0.0,
        "EmitterTranslationY": 30.0,
        "EmitterTranslationZ": 0.0,
        "EmitterDirectionX": 0.0,
        "EmitterDirectionY": 32767.0,
        "EmitterDirectionZ": 0.0,
        "InitialVelocityOmni": 0.0,
        "InitialVelocityAxis": 22.0,
        "InitialVelocityRandom": 1.0,
        "InitialVelocityDirection": 1.0,
        "Spread": 0.0,
        "InitialVelocityRatio": 0.3499999940395355,
        "Rate": 1.5,
        "RateRandom": 0.29999998211860657,
        "LifetimeRandom": 0.3499999940395355,
        "VolumeSweep": 1.0,
        "VolumeMinimumRadius": 0.25,
        "AirResistance": 0.8513999581336975,
        "MomentRandom": 0.0,
        "EmitterRotationXDeg": 0,
        "EmitterRotationYDeg": 0,
        "EmitterRotationZDeg": 0,
        "MaxFrame": 0,
        "StartFrame": 0,
        "Lifetime": 30,
        "VolumeSize": 1,
        "DivisionNumber": 5,
        "RateStep": 0,
        "BinaryDataDONOTEDIT": "00000100000000003f8000003f8000003f8000000000000041f00000000000000000000046fffe00000000000000000041b000003f8000003f800000000000003eb333333fc000003e9999993eb333333f8000003e8000003f59f5590000000000000000000000000000001e0001000500000000"
    },
    "fieldBlocks": [
        {
            "FieldType": 0,
            "VelocityType": 2,
            "NoInheritRotate": false,
            "AirDrag": false,
            "FadeUseEnterTime": false,
            "FadeUseDistanceTime": false,
            "FadeUseFadeIn": true,
            "FadeUseFadeOut": false,
            "PositionX": 0.0,
            "PositionY": 0.0,
            "PositionZ": 0.0,
            "DirectionX": 0.0,
            "DirectionY": -1.0,
            "DirectionZ": 0.0,
            "Param1": 6.8359375,
            "Param2": 0.0,
            "Param3": 0.0,
            "FadeIn": 0.7428999543190002,
            "FadeOut": 1.0,
            "EnterTime": 0.0,
            "DistanceTime": 1.0,
            "Cycle": 63,
            "BinaryDataDONOTEDIT": "0020020000000000000000000000000000000000bf8000000000000040dac00000000000000000003f3e2eb13f800000000000003f8000003f000000"
        }
    ],
    "baseShape": {
        "ShapeType": 2,
        "DirectionType": 0,
        "RotationType": 0,
        "PlaneType": 0,
        "FlagsUnk11": false,
        "IsGlobalColorAnimation": false,
        "FlagsUnk13": true,
        "IsGlobalTextureAnimation": false,
        "ColorInSelect": 3,
        "AlphaInSelect": 0,
        "IsEnableProjection": false,
        "IsDrawForwardAhead": false,
        "IsDrawPrintAhead": false,
        "FlagsUnk23": false,
        "IsEnableTexScrollAnim": false,
        "DoubleTilingS": false,
        "DoubleTilingT": false,
        "IsNoDrawParent": false,
        "IsNoDrawChild": false,
        "BaseSizeX": 1.2000000476837158,
        "BaseSizeY": 1.2000000476837158,
        "BlendMode": 1,
        "SourceFactor": 6,
        "DestinationFactor": 7,
        "BlendModeFlagsUnk10": true,
        "BlendModeFlagsUnk14": false,
        "AlphaCompareType0": 7,
        "AlphaOperator": 0,
        "AlphaCompareType1": 7,
        "AlphaReference0": 0,
        "AlphaReference1": 0,
        "DepthTest": true,
        "DepthCompareType": 2,
        "DepthWrite": false,
        "ZModeFlagsUnk5": 1,
        "IsEnableTexAnim": true,
        "TexFlagsUnk1": true,
        "TexCalcIndexType": 4,
        "TextureIndex": 0,
        "ColorFlagsUnk0": false,
        "IsPrimaryColorAnimEnabled": false,
        "ColorFlagsUnk2": false,
        "IsEnvironmentColorAnimEnabled": false,
        "ColorCalcIndexType": 0,
        "ColorAnimationMaxFrame": 30,
        "PrimaryColor": "ffffffff",
        "EnvironmentColor": "ffffffff",
        "AnimationRandom": 255,
        "ColorLoopOffsetMask": 0,
        "TextureIndexLoopOffsetMask": 255,
        "BinaryDataDONOTEDIT": "0001a002000000003f99999a3f99999a05d9e7000025130200000000001effffffffffffffffff00ff00000000010000",
        "TextureIndexAnimData": [
            0,
            1
        ],
        "EnvironmentColorKeyframes": [],
        "PrimaryColorKeyframes": []
    },
    "extraShape": {
        "IsEnableScale": true,
        "IsDiffXY": false,
        "FlagsUnk2": false,
        "FlagsUnk3": false,
        "ScaleAnimTypeX": 0,
        "ScaleAnimTypeY": 0,
        "PivotX": 1,
        "PivotY": 1,
        "IsEnableAlpha": false,
        "IsEnableSinWave": false,
        "IsEnableRotate": true,
        "ScaleInTiming": 0.5,
        "ScaleOutTiming": 0.5,
        "ScaleInValueX": 1.6999999284744263,
        "ScaleOutValueX": 0.19999998807907104,
        "ScaleInValueY": 1.6999999284744263,
        "ScaleOutValueY": 0.19999998807907104,
        "ScaleOutRandom": 0.29999998211860657,
        "ScaleAnimationXMaxFrame": 30,
        "ScaleAnimationYMaxFrame": 30,
        "AlphaInTiming": 0.25,
        "AlphaOutTiming": 0.75,
        "AlphaInValue": 0.0,
        "AlphaBaseValue": 1.0,
        "AlphaOutValue": 0.0,
        "AlphaWaveFrequency": 0.0,
        "AlphaWaveRandom": 0.0,
        "AlphaWaveAmplitude": 0.0,
        "RotateAngle": 0.0,
        "RotateAngleRandom": 66536.0,
        "RotateSpeed": 121.2416000366211,
        "RotateSpeedRandom": 0.5,
        "RotateDirection": 0.0,
        "BinaryDataDONOTEDIT": "010050013f0000003f0000003fd999993e4ccccc3fd999993e4ccccc3e999999001e001e3e8000003f400000000000003f80000000000000000000000000000000000000000000004781f40042f27bb33f00000000000000"
    },
    "textures": [
        "mr_sand00_ia",
        "mr_sand01_i"
    ]
}